insert into cinema.film (film_id, film_nm, director, duration_min) values
(1, 'Дом, который построил Джек', 'Ларс фон Триер', 155),
(2, 'Иди и смотри', 'Элем Климов', 144),
(3, 'Форрест Гамп', 'Роберт Земекис', 144),
(4, 'Изгоняющий дьявола', 'Уильям Фридкин', 144),
(5, 'Догвилль', 'Ларс фон Триер', 177),
(6, 'Изгой', 'Иэн Софтли', 177),
(7, 'Одержимая', 'Анджей Жулавский', 127),
(8, 'Гаттака', 'Эндрю Никкол', 106),
(9, 'Конец Евангелиона', 'Хидэаки Анно', 87),
(10, 'Заводной апельсин', 'Стэнли Кубрик', 137);

insert into cinema.genre (genre_id, genre_nm) values
(1, 'Фантастика'),
(2, 'Криминал'),
(3, 'Драма'),
(4, 'Детектив'),
(5, 'Биография'),
(6, 'История'),
(7, 'Вестерн'),
(8, 'Военный'),
(9, 'Ужасы'),
(10, 'Триллер'),
(11, 'Комедия'),
(12, 'Аниме'),
(13, 'Боевик'),
(14, 'Мультфильм');

insert into cinema.film_x_genre (film_id, genre_id) values
(1, 3), (1, 2), (1, 9), (1, 10),
(2, 3), (2, 6), (2, 8),
(3, 3), (3, 6), (3, 8), (3, 11),
(4, 9),
(5, 3), (5, 4), (5, 10),
(6, 3),
(7, 3), (7, 9),
(8, 1), (8, 3), (8, 4),
(9, 1), (9, 3), (9, 12), (9, 13), (9, 14),
(10, 1), (10, 2);

insert into cinema.hall (hall_id, hall_nm, number_of_sits) values
(1, 'Грандиозное шоу', 100),
(2, 'Хлеба и зрелищ', 225),
(3, 'Heartbreaker', 25),
(4, 'Концертный зал №1', 625),
(5, 'Концертный зал №2', 75),
(6, 'Smoking blunt', 30),
(7, 'Oldschool', 50),
(8, 'Эндемик', 30),
(9, 'Чёртово колесо', 40),
(10, 'Lux Aeterna', 125);

insert into cinema.place (place_id , hall_id, number_of_row, number_of_sit) values
(0, 1, 0, 0),
(1, 1, 0, 1),
(2, 1, 0, 2),
(3, 1, 0, 3),
(4, 1, 0, 4),
(5, 1, 0, 5),
(6, 1, 0, 6),
(7, 1, 0, 7),
(8, 1, 0, 8),
(9, 1, 0, 9),
(10, 1, 1, 0),
(11, 1, 1, 1),
(12, 1, 1, 2),
(13, 1, 1, 3),
(14, 1, 1, 4),
(15, 1, 1, 5),
(16, 1, 1, 6),
(17, 1, 1, 7),
(18, 1, 1, 8),
(19, 1, 1, 9),
(20, 1, 2, 0),
(21, 1, 2, 1),
(22, 1, 2, 2),
(23, 1, 2, 3),
(24, 1, 2, 4),
(25, 1, 2, 5),
(26, 1, 2, 6),
(27, 1, 2, 7),
(28, 1, 2, 8),
(29, 1, 2, 9),
(30, 1, 3, 0),
(31, 1, 3, 1),
(32, 1, 3, 2),
(33, 1, 3, 3),
(34, 1, 3, 4),
(35, 1, 3, 5),
(36, 1, 3, 6),
(37, 1, 3, 7),
(38, 1, 3, 8),
(39, 1, 3, 9),
(40, 1, 4, 0),
(41, 1, 4, 1),
(42, 1, 4, 2),
(43, 1, 4, 3),
(44, 1, 4, 4),
(45, 1, 4, 5),
(46, 1, 4, 6),
(47, 1, 4, 7),
(48, 1, 4, 8),
(49, 1, 4, 9),
(50, 1, 5, 0),
(51, 1, 5, 1),
(52, 1, 5, 2),
(53, 1, 5, 3),
(54, 1, 5, 4),
(55, 1, 5, 5),
(56, 1, 5, 6),
(57, 1, 5, 7),
(58, 1, 5, 8),
(59, 1, 5, 9),
(60, 1, 6, 0),
(61, 1, 6, 1),
(62, 1, 6, 2),
(63, 1, 6, 3),
(64, 1, 6, 4),
(65, 1, 6, 5),
(66, 1, 6, 6),
(67, 1, 6, 7),
(68, 1, 6, 8),
(69, 1, 6, 9),
(70, 1, 7, 0),
(71, 1, 7, 1),
(72, 1, 7, 2),
(73, 1, 7, 3),
(74, 1, 7, 4),
(75, 1, 7, 5),
(76, 1, 7, 6),
(77, 1, 7, 7),
(78, 1, 7, 8),
(79, 1, 7, 9),
(80, 1, 8, 0),
(81, 1, 8, 1),
(82, 1, 8, 2),
(83, 1, 8, 3),
(84, 1, 8, 4),
(85, 1, 8, 5),
(86, 1, 8, 6),
(87, 1, 8, 7),
(88, 1, 8, 8),
(89, 1, 8, 9),
(90, 1, 9, 0),
(91, 1, 9, 1),
(92, 1, 9, 2),
(93, 1, 9, 3),
(94, 1, 9, 4),
(95, 1, 9, 5),
(96, 1, 9, 6),
(97, 1, 9, 7),
(98, 1, 9, 8),
(99, 1, 9, 9),
(100, 2, 0, 0),
(101, 2, 0, 1),
(102, 2, 0, 2),
(103, 2, 0, 3),
(104, 2, 0, 4),
(105, 2, 0, 5),
(106, 2, 0, 6),
(107, 2, 0, 7),
(108, 2, 0, 8),
(109, 2, 0, 9),
(110, 2, 0, 10),
(111, 2, 0, 11),
(112, 2, 0, 12),
(113, 2, 0, 13),
(114, 2, 0, 14),
(115, 2, 1, 0),
(116, 2, 1, 1),
(117, 2, 1, 2),
(118, 2, 1, 3),
(119, 2, 1, 4),
(120, 2, 1, 5),
(121, 2, 1, 6),
(122, 2, 1, 7),
(123, 2, 1, 8),
(124, 2, 1, 9),
(125, 2, 1, 10),
(126, 2, 1, 11),
(127, 2, 1, 12),
(128, 2, 1, 13),
(129, 2, 1, 14),
(130, 2, 2, 0),
(131, 2, 2, 1),
(132, 2, 2, 2),
(133, 2, 2, 3),
(134, 2, 2, 4),
(135, 2, 2, 5),
(136, 2, 2, 6),
(137, 2, 2, 7),
(138, 2, 2, 8),
(139, 2, 2, 9),
(140, 2, 2, 10),
(141, 2, 2, 11),
(142, 2, 2, 12),
(143, 2, 2, 13),
(144, 2, 2, 14),
(145, 2, 3, 0),
(146, 2, 3, 1),
(147, 2, 3, 2),
(148, 2, 3, 3),
(149, 2, 3, 4),
(150, 2, 3, 5),
(151, 2, 3, 6),
(152, 2, 3, 7),
(153, 2, 3, 8),
(154, 2, 3, 9),
(155, 2, 3, 10),
(156, 2, 3, 11),
(157, 2, 3, 12),
(158, 2, 3, 13),
(159, 2, 3, 14),
(160, 2, 4, 0),
(161, 2, 4, 1),
(162, 2, 4, 2),
(163, 2, 4, 3),
(164, 2, 4, 4),
(165, 2, 4, 5),
(166, 2, 4, 6),
(167, 2, 4, 7),
(168, 2, 4, 8),
(169, 2, 4, 9),
(170, 2, 4, 10),
(171, 2, 4, 11),
(172, 2, 4, 12),
(173, 2, 4, 13),
(174, 2, 4, 14),
(175, 2, 5, 0),
(176, 2, 5, 1),
(177, 2, 5, 2),
(178, 2, 5, 3),
(179, 2, 5, 4),
(180, 2, 5, 5),
(181, 2, 5, 6),
(182, 2, 5, 7),
(183, 2, 5, 8),
(184, 2, 5, 9),
(185, 2, 5, 10),
(186, 2, 5, 11),
(187, 2, 5, 12),
(188, 2, 5, 13),
(189, 2, 5, 14),
(190, 2, 6, 0),
(191, 2, 6, 1),
(192, 2, 6, 2),
(193, 2, 6, 3),
(194, 2, 6, 4),
(195, 2, 6, 5),
(196, 2, 6, 6),
(197, 2, 6, 7),
(198, 2, 6, 8),
(199, 2, 6, 9),
(200, 2, 6, 10),
(201, 2, 6, 11),
(202, 2, 6, 12),
(203, 2, 6, 13),
(204, 2, 6, 14),
(205, 2, 7, 0),
(206, 2, 7, 1),
(207, 2, 7, 2),
(208, 2, 7, 3),
(209, 2, 7, 4),
(210, 2, 7, 5),
(211, 2, 7, 6),
(212, 2, 7, 7),
(213, 2, 7, 8),
(214, 2, 7, 9),
(215, 2, 7, 10),
(216, 2, 7, 11),
(217, 2, 7, 12),
(218, 2, 7, 13),
(219, 2, 7, 14),
(220, 2, 8, 0),
(221, 2, 8, 1),
(222, 2, 8, 2),
(223, 2, 8, 3),
(224, 2, 8, 4),
(225, 2, 8, 5),
(226, 2, 8, 6),
(227, 2, 8, 7),
(228, 2, 8, 8),
(229, 2, 8, 9),
(230, 2, 8, 10),
(231, 2, 8, 11),
(232, 2, 8, 12),
(233, 2, 8, 13),
(234, 2, 8, 14),
(235, 2, 9, 0),
(236, 2, 9, 1),
(237, 2, 9, 2),
(238, 2, 9, 3),
(239, 2, 9, 4),
(240, 2, 9, 5),
(241, 2, 9, 6),
(242, 2, 9, 7),
(243, 2, 9, 8),
(244, 2, 9, 9),
(245, 2, 9, 10),
(246, 2, 9, 11),
(247, 2, 9, 12),
(248, 2, 9, 13),
(249, 2, 9, 14),
(250, 2, 10, 0),
(251, 2, 10, 1),
(252, 2, 10, 2),
(253, 2, 10, 3),
(254, 2, 10, 4),
(255, 2, 10, 5),
(256, 2, 10, 6),
(257, 2, 10, 7),
(258, 2, 10, 8),
(259, 2, 10, 9),
(260, 2, 10, 10),
(261, 2, 10, 11),
(262, 2, 10, 12),
(263, 2, 10, 13),
(264, 2, 10, 14),
(265, 2, 11, 0),
(266, 2, 11, 1),
(267, 2, 11, 2),
(268, 2, 11, 3),
(269, 2, 11, 4),
(270, 2, 11, 5),
(271, 2, 11, 6),
(272, 2, 11, 7),
(273, 2, 11, 8),
(274, 2, 11, 9),
(275, 2, 11, 10),
(276, 2, 11, 11),
(277, 2, 11, 12),
(278, 2, 11, 13),
(279, 2, 11, 14),
(280, 2, 12, 0),
(281, 2, 12, 1),
(282, 2, 12, 2),
(283, 2, 12, 3),
(284, 2, 12, 4),
(285, 2, 12, 5),
(286, 2, 12, 6),
(287, 2, 12, 7),
(288, 2, 12, 8),
(289, 2, 12, 9),
(290, 2, 12, 10),
(291, 2, 12, 11),
(292, 2, 12, 12),
(293, 2, 12, 13),
(294, 2, 12, 14),
(295, 2, 13, 0),
(296, 2, 13, 1),
(297, 2, 13, 2),
(298, 2, 13, 3),
(299, 2, 13, 4),
(300, 2, 13, 5),
(301, 2, 13, 6),
(302, 2, 13, 7),
(303, 2, 13, 8),
(304, 2, 13, 9),
(305, 2, 13, 10),
(306, 2, 13, 11),
(307, 2, 13, 12),
(308, 2, 13, 13),
(309, 2, 13, 14),
(310, 2, 14, 0),
(311, 2, 14, 1),
(312, 2, 14, 2),
(313, 2, 14, 3),
(314, 2, 14, 4),
(315, 2, 14, 5),
(316, 2, 14, 6),
(317, 2, 14, 7),
(318, 2, 14, 8),
(319, 2, 14, 9),
(320, 2, 14, 10),
(321, 2, 14, 11),
(322, 2, 14, 12),
(323, 2, 14, 13),
(324, 2, 14, 14),
(325, 3, 0, 0),
(326, 3, 0, 1),
(327, 3, 0, 2),
(328, 3, 0, 3),
(329, 3, 0, 4),
(330, 3, 1, 0),
(331, 3, 1, 1),
(332, 3, 1, 2),
(333, 3, 1, 3),
(334, 3, 1, 4),
(335, 3, 2, 0),
(336, 3, 2, 1),
(337, 3, 2, 2),
(338, 3, 2, 3),
(339, 3, 2, 4),
(340, 3, 3, 0),
(341, 3, 3, 1),
(342, 3, 3, 2),
(343, 3, 3, 3),
(344, 3, 3, 4),
(345, 3, 4, 0),
(346, 3, 4, 1),
(347, 3, 4, 2),
(348, 3, 4, 3),
(349, 3, 4, 4),
(350, 4, 0, 0),
(351, 4, 0, 1),
(352, 4, 0, 2),
(353, 4, 0, 3),
(354, 4, 0, 4),
(355, 4, 0, 5),
(356, 4, 0, 6),
(357, 4, 0, 7),
(358, 4, 0, 8),
(359, 4, 0, 9),
(360, 4, 0, 10),
(361, 4, 0, 11),
(362, 4, 0, 12),
(363, 4, 0, 13),
(364, 4, 0, 14),
(365, 4, 0, 15),
(366, 4, 0, 16),
(367, 4, 0, 17),
(368, 4, 0, 18),
(369, 4, 0, 19),
(370, 4, 0, 20),
(371, 4, 0, 21),
(372, 4, 0, 22),
(373, 4, 0, 23),
(374, 4, 0, 24),
(375, 4, 1, 0),
(376, 4, 1, 1),
(377, 4, 1, 2),
(378, 4, 1, 3),
(379, 4, 1, 4),
(380, 4, 1, 5),
(381, 4, 1, 6),
(382, 4, 1, 7),
(383, 4, 1, 8),
(384, 4, 1, 9),
(385, 4, 1, 10),
(386, 4, 1, 11),
(387, 4, 1, 12),
(388, 4, 1, 13),
(389, 4, 1, 14),
(390, 4, 1, 15),
(391, 4, 1, 16),
(392, 4, 1, 17),
(393, 4, 1, 18),
(394, 4, 1, 19),
(395, 4, 1, 20),
(396, 4, 1, 21),
(397, 4, 1, 22),
(398, 4, 1, 23),
(399, 4, 1, 24),
(400, 4, 2, 0),
(401, 4, 2, 1),
(402, 4, 2, 2),
(403, 4, 2, 3),
(404, 4, 2, 4),
(405, 4, 2, 5),
(406, 4, 2, 6),
(407, 4, 2, 7),
(408, 4, 2, 8),
(409, 4, 2, 9),
(410, 4, 2, 10),
(411, 4, 2, 11),
(412, 4, 2, 12),
(413, 4, 2, 13),
(414, 4, 2, 14),
(415, 4, 2, 15),
(416, 4, 2, 16),
(417, 4, 2, 17),
(418, 4, 2, 18),
(419, 4, 2, 19),
(420, 4, 2, 20),
(421, 4, 2, 21),
(422, 4, 2, 22),
(423, 4, 2, 23),
(424, 4, 2, 24),
(425, 4, 3, 0),
(426, 4, 3, 1),
(427, 4, 3, 2),
(428, 4, 3, 3),
(429, 4, 3, 4),
(430, 4, 3, 5),
(431, 4, 3, 6),
(432, 4, 3, 7),
(433, 4, 3, 8),
(434, 4, 3, 9),
(435, 4, 3, 10),
(436, 4, 3, 11),
(437, 4, 3, 12),
(438, 4, 3, 13),
(439, 4, 3, 14),
(440, 4, 3, 15),
(441, 4, 3, 16),
(442, 4, 3, 17),
(443, 4, 3, 18),
(444, 4, 3, 19),
(445, 4, 3, 20),
(446, 4, 3, 21),
(447, 4, 3, 22),
(448, 4, 3, 23),
(449, 4, 3, 24),
(450, 4, 4, 0),
(451, 4, 4, 1),
(452, 4, 4, 2),
(453, 4, 4, 3),
(454, 4, 4, 4),
(455, 4, 4, 5),
(456, 4, 4, 6),
(457, 4, 4, 7),
(458, 4, 4, 8),
(459, 4, 4, 9),
(460, 4, 4, 10),
(461, 4, 4, 11),
(462, 4, 4, 12),
(463, 4, 4, 13),
(464, 4, 4, 14),
(465, 4, 4, 15),
(466, 4, 4, 16),
(467, 4, 4, 17),
(468, 4, 4, 18),
(469, 4, 4, 19),
(470, 4, 4, 20),
(471, 4, 4, 21),
(472, 4, 4, 22),
(473, 4, 4, 23),
(474, 4, 4, 24),
(475, 4, 5, 0),
(476, 4, 5, 1),
(477, 4, 5, 2),
(478, 4, 5, 3),
(479, 4, 5, 4),
(480, 4, 5, 5),
(481, 4, 5, 6),
(482, 4, 5, 7),
(483, 4, 5, 8),
(484, 4, 5, 9),
(485, 4, 5, 10),
(486, 4, 5, 11),
(487, 4, 5, 12),
(488, 4, 5, 13),
(489, 4, 5, 14),
(490, 4, 5, 15),
(491, 4, 5, 16),
(492, 4, 5, 17),
(493, 4, 5, 18),
(494, 4, 5, 19),
(495, 4, 5, 20),
(496, 4, 5, 21),
(497, 4, 5, 22),
(498, 4, 5, 23),
(499, 4, 5, 24),
(500, 4, 6, 0),
(501, 4, 6, 1),
(502, 4, 6, 2),
(503, 4, 6, 3),
(504, 4, 6, 4),
(505, 4, 6, 5),
(506, 4, 6, 6),
(507, 4, 6, 7),
(508, 4, 6, 8),
(509, 4, 6, 9),
(510, 4, 6, 10),
(511, 4, 6, 11),
(512, 4, 6, 12),
(513, 4, 6, 13),
(514, 4, 6, 14),
(515, 4, 6, 15),
(516, 4, 6, 16),
(517, 4, 6, 17),
(518, 4, 6, 18),
(519, 4, 6, 19),
(520, 4, 6, 20),
(521, 4, 6, 21),
(522, 4, 6, 22),
(523, 4, 6, 23),
(524, 4, 6, 24),
(525, 4, 7, 0),
(526, 4, 7, 1),
(527, 4, 7, 2),
(528, 4, 7, 3),
(529, 4, 7, 4),
(530, 4, 7, 5),
(531, 4, 7, 6),
(532, 4, 7, 7),
(533, 4, 7, 8),
(534, 4, 7, 9),
(535, 4, 7, 10),
(536, 4, 7, 11),
(537, 4, 7, 12),
(538, 4, 7, 13),
(539, 4, 7, 14),
(540, 4, 7, 15),
(541, 4, 7, 16),
(542, 4, 7, 17),
(543, 4, 7, 18),
(544, 4, 7, 19),
(545, 4, 7, 20),
(546, 4, 7, 21),
(547, 4, 7, 22),
(548, 4, 7, 23),
(549, 4, 7, 24),
(550, 4, 8, 0),
(551, 4, 8, 1),
(552, 4, 8, 2),
(553, 4, 8, 3),
(554, 4, 8, 4),
(555, 4, 8, 5),
(556, 4, 8, 6),
(557, 4, 8, 7),
(558, 4, 8, 8),
(559, 4, 8, 9),
(560, 4, 8, 10),
(561, 4, 8, 11),
(562, 4, 8, 12),
(563, 4, 8, 13),
(564, 4, 8, 14),
(565, 4, 8, 15),
(566, 4, 8, 16),
(567, 4, 8, 17),
(568, 4, 8, 18),
(569, 4, 8, 19),
(570, 4, 8, 20),
(571, 4, 8, 21),
(572, 4, 8, 22),
(573, 4, 8, 23),
(574, 4, 8, 24),
(575, 4, 9, 0),
(576, 4, 9, 1),
(577, 4, 9, 2),
(578, 4, 9, 3),
(579, 4, 9, 4),
(580, 4, 9, 5),
(581, 4, 9, 6),
(582, 4, 9, 7),
(583, 4, 9, 8),
(584, 4, 9, 9),
(585, 4, 9, 10),
(586, 4, 9, 11),
(587, 4, 9, 12),
(588, 4, 9, 13),
(589, 4, 9, 14),
(590, 4, 9, 15),
(591, 4, 9, 16),
(592, 4, 9, 17),
(593, 4, 9, 18),
(594, 4, 9, 19),
(595, 4, 9, 20),
(596, 4, 9, 21),
(597, 4, 9, 22),
(598, 4, 9, 23),
(599, 4, 9, 24),
(600, 4, 10, 0),
(601, 4, 10, 1),
(602, 4, 10, 2),
(603, 4, 10, 3),
(604, 4, 10, 4),
(605, 4, 10, 5),
(606, 4, 10, 6),
(607, 4, 10, 7),
(608, 4, 10, 8),
(609, 4, 10, 9),
(610, 4, 10, 10),
(611, 4, 10, 11),
(612, 4, 10, 12),
(613, 4, 10, 13),
(614, 4, 10, 14),
(615, 4, 10, 15),
(616, 4, 10, 16),
(617, 4, 10, 17),
(618, 4, 10, 18),
(619, 4, 10, 19),
(620, 4, 10, 20),
(621, 4, 10, 21),
(622, 4, 10, 22),
(623, 4, 10, 23),
(624, 4, 10, 24),
(625, 4, 11, 0),
(626, 4, 11, 1),
(627, 4, 11, 2),
(628, 4, 11, 3),
(629, 4, 11, 4),
(630, 4, 11, 5),
(631, 4, 11, 6),
(632, 4, 11, 7),
(633, 4, 11, 8),
(634, 4, 11, 9),
(635, 4, 11, 10),
(636, 4, 11, 11),
(637, 4, 11, 12),
(638, 4, 11, 13),
(639, 4, 11, 14),
(640, 4, 11, 15),
(641, 4, 11, 16),
(642, 4, 11, 17),
(643, 4, 11, 18),
(644, 4, 11, 19),
(645, 4, 11, 20),
(646, 4, 11, 21),
(647, 4, 11, 22),
(648, 4, 11, 23),
(649, 4, 11, 24),
(650, 4, 12, 0),
(651, 4, 12, 1),
(652, 4, 12, 2),
(653, 4, 12, 3),
(654, 4, 12, 4),
(655, 4, 12, 5),
(656, 4, 12, 6),
(657, 4, 12, 7),
(658, 4, 12, 8),
(659, 4, 12, 9),
(660, 4, 12, 10),
(661, 4, 12, 11),
(662, 4, 12, 12),
(663, 4, 12, 13),
(664, 4, 12, 14),
(665, 4, 12, 15),
(666, 4, 12, 16),
(667, 4, 12, 17),
(668, 4, 12, 18),
(669, 4, 12, 19),
(670, 4, 12, 20),
(671, 4, 12, 21),
(672, 4, 12, 22),
(673, 4, 12, 23),
(674, 4, 12, 24),
(675, 4, 13, 0),
(676, 4, 13, 1),
(677, 4, 13, 2),
(678, 4, 13, 3),
(679, 4, 13, 4),
(680, 4, 13, 5),
(681, 4, 13, 6),
(682, 4, 13, 7),
(683, 4, 13, 8),
(684, 4, 13, 9),
(685, 4, 13, 10),
(686, 4, 13, 11),
(687, 4, 13, 12),
(688, 4, 13, 13),
(689, 4, 13, 14),
(690, 4, 13, 15),
(691, 4, 13, 16),
(692, 4, 13, 17),
(693, 4, 13, 18),
(694, 4, 13, 19),
(695, 4, 13, 20),
(696, 4, 13, 21),
(697, 4, 13, 22),
(698, 4, 13, 23),
(699, 4, 13, 24),
(700, 4, 14, 0),
(701, 4, 14, 1),
(702, 4, 14, 2),
(703, 4, 14, 3),
(704, 4, 14, 4),
(705, 4, 14, 5),
(706, 4, 14, 6),
(707, 4, 14, 7),
(708, 4, 14, 8),
(709, 4, 14, 9),
(710, 4, 14, 10),
(711, 4, 14, 11),
(712, 4, 14, 12),
(713, 4, 14, 13),
(714, 4, 14, 14),
(715, 4, 14, 15),
(716, 4, 14, 16),
(717, 4, 14, 17),
(718, 4, 14, 18),
(719, 4, 14, 19),
(720, 4, 14, 20),
(721, 4, 14, 21),
(722, 4, 14, 22),
(723, 4, 14, 23),
(724, 4, 14, 24),
(725, 4, 15, 0),
(726, 4, 15, 1),
(727, 4, 15, 2),
(728, 4, 15, 3),
(729, 4, 15, 4),
(730, 4, 15, 5),
(731, 4, 15, 6),
(732, 4, 15, 7),
(733, 4, 15, 8),
(734, 4, 15, 9),
(735, 4, 15, 10),
(736, 4, 15, 11),
(737, 4, 15, 12),
(738, 4, 15, 13),
(739, 4, 15, 14),
(740, 4, 15, 15),
(741, 4, 15, 16),
(742, 4, 15, 17),
(743, 4, 15, 18),
(744, 4, 15, 19),
(745, 4, 15, 20),
(746, 4, 15, 21),
(747, 4, 15, 22),
(748, 4, 15, 23),
(749, 4, 15, 24),
(750, 4, 16, 0),
(751, 4, 16, 1),
(752, 4, 16, 2),
(753, 4, 16, 3),
(754, 4, 16, 4),
(755, 4, 16, 5),
(756, 4, 16, 6),
(757, 4, 16, 7),
(758, 4, 16, 8),
(759, 4, 16, 9),
(760, 4, 16, 10),
(761, 4, 16, 11),
(762, 4, 16, 12),
(763, 4, 16, 13),
(764, 4, 16, 14),
(765, 4, 16, 15),
(766, 4, 16, 16),
(767, 4, 16, 17),
(768, 4, 16, 18),
(769, 4, 16, 19),
(770, 4, 16, 20),
(771, 4, 16, 21),
(772, 4, 16, 22),
(773, 4, 16, 23),
(774, 4, 16, 24),
(775, 4, 17, 0),
(776, 4, 17, 1),
(777, 4, 17, 2),
(778, 4, 17, 3),
(779, 4, 17, 4),
(780, 4, 17, 5),
(781, 4, 17, 6),
(782, 4, 17, 7),
(783, 4, 17, 8),
(784, 4, 17, 9),
(785, 4, 17, 10),
(786, 4, 17, 11),
(787, 4, 17, 12),
(788, 4, 17, 13),
(789, 4, 17, 14),
(790, 4, 17, 15),
(791, 4, 17, 16),
(792, 4, 17, 17),
(793, 4, 17, 18),
(794, 4, 17, 19),
(795, 4, 17, 20),
(796, 4, 17, 21),
(797, 4, 17, 22),
(798, 4, 17, 23),
(799, 4, 17, 24),
(800, 4, 18, 0),
(801, 4, 18, 1),
(802, 4, 18, 2),
(803, 4, 18, 3),
(804, 4, 18, 4),
(805, 4, 18, 5),
(806, 4, 18, 6),
(807, 4, 18, 7),
(808, 4, 18, 8),
(809, 4, 18, 9),
(810, 4, 18, 10),
(811, 4, 18, 11),
(812, 4, 18, 12),
(813, 4, 18, 13),
(814, 4, 18, 14),
(815, 4, 18, 15),
(816, 4, 18, 16),
(817, 4, 18, 17),
(818, 4, 18, 18),
(819, 4, 18, 19),
(820, 4, 18, 20),
(821, 4, 18, 21),
(822, 4, 18, 22),
(823, 4, 18, 23),
(824, 4, 18, 24),
(825, 4, 19, 0),
(826, 4, 19, 1),
(827, 4, 19, 2),
(828, 4, 19, 3),
(829, 4, 19, 4),
(830, 4, 19, 5),
(831, 4, 19, 6),
(832, 4, 19, 7),
(833, 4, 19, 8),
(834, 4, 19, 9),
(835, 4, 19, 10),
(836, 4, 19, 11),
(837, 4, 19, 12),
(838, 4, 19, 13),
(839, 4, 19, 14),
(840, 4, 19, 15),
(841, 4, 19, 16),
(842, 4, 19, 17),
(843, 4, 19, 18),
(844, 4, 19, 19),
(845, 4, 19, 20),
(846, 4, 19, 21),
(847, 4, 19, 22),
(848, 4, 19, 23),
(849, 4, 19, 24),
(850, 4, 20, 0),
(851, 4, 20, 1),
(852, 4, 20, 2),
(853, 4, 20, 3),
(854, 4, 20, 4),
(855, 4, 20, 5),
(856, 4, 20, 6),
(857, 4, 20, 7),
(858, 4, 20, 8),
(859, 4, 20, 9),
(860, 4, 20, 10),
(861, 4, 20, 11),
(862, 4, 20, 12),
(863, 4, 20, 13),
(864, 4, 20, 14),
(865, 4, 20, 15),
(866, 4, 20, 16),
(867, 4, 20, 17),
(868, 4, 20, 18),
(869, 4, 20, 19),
(870, 4, 20, 20),
(871, 4, 20, 21),
(872, 4, 20, 22),
(873, 4, 20, 23),
(874, 4, 20, 24),
(875, 4, 21, 0),
(876, 4, 21, 1),
(877, 4, 21, 2),
(878, 4, 21, 3),
(879, 4, 21, 4),
(880, 4, 21, 5),
(881, 4, 21, 6),
(882, 4, 21, 7),
(883, 4, 21, 8),
(884, 4, 21, 9),
(885, 4, 21, 10),
(886, 4, 21, 11),
(887, 4, 21, 12),
(888, 4, 21, 13),
(889, 4, 21, 14),
(890, 4, 21, 15),
(891, 4, 21, 16),
(892, 4, 21, 17),
(893, 4, 21, 18),
(894, 4, 21, 19),
(895, 4, 21, 20),
(896, 4, 21, 21),
(897, 4, 21, 22),
(898, 4, 21, 23),
(899, 4, 21, 24),
(900, 4, 22, 0),
(901, 4, 22, 1),
(902, 4, 22, 2),
(903, 4, 22, 3),
(904, 4, 22, 4),
(905, 4, 22, 5),
(906, 4, 22, 6),
(907, 4, 22, 7),
(908, 4, 22, 8),
(909, 4, 22, 9),
(910, 4, 22, 10),
(911, 4, 22, 11),
(912, 4, 22, 12),
(913, 4, 22, 13),
(914, 4, 22, 14),
(915, 4, 22, 15),
(916, 4, 22, 16),
(917, 4, 22, 17),
(918, 4, 22, 18),
(919, 4, 22, 19),
(920, 4, 22, 20),
(921, 4, 22, 21),
(922, 4, 22, 22),
(923, 4, 22, 23),
(924, 4, 22, 24),
(925, 4, 23, 0),
(926, 4, 23, 1),
(927, 4, 23, 2),
(928, 4, 23, 3),
(929, 4, 23, 4),
(930, 4, 23, 5),
(931, 4, 23, 6),
(932, 4, 23, 7),
(933, 4, 23, 8),
(934, 4, 23, 9),
(935, 4, 23, 10),
(936, 4, 23, 11),
(937, 4, 23, 12),
(938, 4, 23, 13),
(939, 4, 23, 14),
(940, 4, 23, 15),
(941, 4, 23, 16),
(942, 4, 23, 17),
(943, 4, 23, 18),
(944, 4, 23, 19),
(945, 4, 23, 20),
(946, 4, 23, 21),
(947, 4, 23, 22),
(948, 4, 23, 23),
(949, 4, 23, 24),
(950, 4, 24, 0),
(951, 4, 24, 1),
(952, 4, 24, 2),
(953, 4, 24, 3),
(954, 4, 24, 4),
(955, 4, 24, 5),
(956, 4, 24, 6),
(957, 4, 24, 7),
(958, 4, 24, 8),
(959, 4, 24, 9),
(960, 4, 24, 10),
(961, 4, 24, 11),
(962, 4, 24, 12),
(963, 4, 24, 13),
(964, 4, 24, 14),
(965, 4, 24, 15),
(966, 4, 24, 16),
(967, 4, 24, 17),
(968, 4, 24, 18),
(969, 4, 24, 19),
(970, 4, 24, 20),
(971, 4, 24, 21),
(972, 4, 24, 22),
(973, 4, 24, 23),
(974, 4, 24, 24);

insert into cinema.session (session_id , session_dt, session_tm, hall_id, film_id) values
(1, '2022-02-24', '18:00:00', 10, 2),
(2, '2024-06-11', '15:30:00', 2, 10),
(3, '2024-06-12', '11:00:00', 9, 9),
(4, '2024-06-13', '17:00:00', 6, 1),
(5, '2024-06-14', '19:00:00', 7, 7),
(6, '2024-06-15', '20:00:00', 3, 8),
(7, '2024-06-16', '17:30:00', 8, 6),
(8, '2024-06-20', '16:35:00', 1, 3),
(9, '2024-06-21', '14:30:00', 4, 4),
(10, '2024-06-22', '11:00:00', 5, 5);

insert into cinema.employee (employee_id , employee_nm, employee_salary,
							 employee_position, employee_settled, employee_retired) values
(1, 'Григорий Каличенко', 30000, 'Кассир', '2022-01-01 00:00:00', '2100-01-01 00:00:00'),
(2, 'Василий Шугейз', 3000000, 'Амбассадор', '2022-01-01 00:00:00', '2100-01-01 00:00:00'),
(3, 'Николай Ничеготакого', 50000, 'Менеджер', '2022-01-01 00:00:00', '2100-01-01 00:00:00'),
(4, 'Владимир Древосек', 19500, 'Уборщик', '2022-01-01 00:00:00', '2100-01-01 00:00:00'),
(5, 'Владислав Ракета', 19500, 'Уборщик', '2022-01-01 00:00:00', '2100-01-01 00:00:00'),
(6, 'Родион Пирло', 40000, 'Бухгалтер', '2022-01-01 00:00:00', '2100-01-01 00:00:00'),
(7, 'Юрий Мясоедов', 35000, 'Киноинженер', '2022-01-01 00:00:00', '2100-01-01 00:00:00'),
(8, 'Анастасия Михеева', 35000, 'Киномеханик', '2022-01-01 00:00:00', '2100-01-01 00:00:00'),
(9, 'Петр Крюков', 30000, 'Капельдинер', '2022-01-01 00:00:00', '2100-01-01 00:00:00'),
(10, 'Вероника Бузинова', 50000, 'Бухгалтер', '2022-01-01 00:00:00', '2100-01-01 00:00:00');

insert into cinema.ticket (ticket_id , ticket_cost, place_id, session_id, employee_id) values
(1, 500, 23, 2, 1),
(2, 1500, 77, 1, 1),
(3, 1250, 11, 3, 1),
(4, 1337, 99, 4, 1),
(5, 600, 333, 5, 1),
(6, 350, 111, 6, 1),
(7, 600, 200, 3, 1),
(8, 200, 13, 2, 1),
(9, 900, 60, 9, 1),
(10, 950, 50, 5, 1);
	